structure,leg,vdw,eel,egb,esurf,dg_gas,dg_solv,dg_bind,std_dev,std_err
bg33_3_dock1,prod_L1_modal,-13.2654,-1.1637,5.7046,-2.1140,-14.4291,3.5906,-10.8385,2.7759,0.0621
bg33_3_dock6,prod_L1_modal,-15.7635,-1.6606,6.7998,-2.4663,-17.4242,4.3335,-13.0906,3.1689,0.0709
bg33_4_dock1,prod_L1_modal,-17.8472,-0.8180,6.5261,-2.6727,-18.6652,3.8534,-14.8118,4.3344,0.0969
bg33_4_dock6,prod_L1_modal,-19.6195,-3.4309,9.3890,-2.8710,-23.0504,6.5180,-16.5324,2.6509,0.0593
orig_f12,first_10ns,-23.4607,-8.1728,17.8869,-3.1166,-31.6335,14.7703,-16.8632,5.7772,0.3654
orig_f12,first_15ns,-20.4314,-6.0769,14.602,-2.7016,-26.5084,11.9004,-14.608,6.0602,0.3833
orig_f12,first_5ns,-31.2313,-10.8107,24.6696,-4.1441,-42.0419,20.5255,-21.5165,4.5567,0.2882
orig_f12,prod_20ns,-19.7528,-5.324,14.009,-2.6446,-25.0767,11.3644,-13.7124,5.6693,0.0401
orig_f12,rate_test,-38.2845,-14.8756,32.2776,-4.4829,-53.1601,27.7947,-25.3654,3.1801,0.5028
s2_esm2_control,prod_L1_modal,-19.123,-2.6235,8.1724,-2.673,-21.7465,5.4994,-16.2472,3.4465,0.0771
s2_esm2_control_dock1,prod_L1_modal,-17.7013,-1.2086,6.1318,-2.7116,-18.9099,3.4202,-15.4897,3.2002,0.0716
s2_esm2_control_dock6,prod_L1_modal,-19.3936,-1.5278,6.5932,-2.7656,-20.9214,3.8276,-17.0937,2.5749,0.0576
s3_esm2_f4,prod_L1_modal,-23.4462,-2.6033,8.5848,-3.6117,-26.0495,4.9731,-21.0764,3.4088,0.0762
s3_esm2_f4_dock1,prod_L1_modal,-25.0733,2.6168,3.9707,-3.9347,-22.4565,0.0360,-22.4205,3.2342,0.0723
s3_esm2_f4_dock6,prod_L1_modal,-23.2464,1.6247,5.6299,-3.5535,-21.6217,2.0763,-19.5454,4.1665,0.0932
s3_orig_f12,prod_L1_modal,-34.4141,-7.9922,22.7446,-4.6641,-42.4063,18.0805,-24.3258,3.7238,0.0833
s3_orig_f12_dock1,first_10ns,-31.6857,-5.6469,17.6040,-4.3116,-37.3325,13.2924,-24.0401,5.0098,0.0501
s3_orig_f12_dock1,first_15ns,-29.2586,-5.1183,16.6272,-4.0073,-34.3769,12.6198,-21.7571,5.5796,0.0456
s3_orig_f12_dock1,first_5ns,-35.2126,-7.3598,20.2555,-4.6879,-42.5724,15.5676,-27.0048,3.7384,0.0529
s3_orig_f12_dock1,prod_20ns,-28.3252,-4.8565,16.3641,-3.9675,-33.1817,12.3966,-20.7851,5.5363,0.0391
s3_orig_f12_dock9,prod_L1_modal,-18.5245,-4.8375,12.9011,-2.7644,-23.3620,10.1368,-13.2252,4.6019,0.1029
shuffle_control,prod_L1_modal,-21.1625,-6.4311,15.4239,-2.9637,-27.5936,12.4601,-15.1335,5.852,0.1309
shuffle_control_esm0,prod_L1_modal,-17.642,-5.747,11.723,-2.6493,-23.389,9.0736,-14.3154,4.404,0.0985
