structure,pose,is_reference,rmsd_to_reference_A,vina_score
ox1_orig_f12,0,1,0.0,
ox1_orig_f12,1,0,6.16,-5.8
ox1_orig_f12,2,0,6.313,-5.6
ox1_orig_f12,3,0,2.899,-5.6
ox1_orig_f12,4,0,6.622,-5.1
ox1_orig_f12,5,0,11.532,-4.6
ox1_orig_f12,6,0,10.437,-4.6
ox1_orig_f12,7,0,11.614,-4.4
ox1_orig_f12,8,0,5.937,-4.4
ox1_orig_f12,9,0,10.899,-4.3
ox2_orig_f8,0,1,0.0,
ox2_orig_f8,1,0,2.679,-6.9
ox2_orig_f8,2,0,2.967,-6.2
ox2_orig_f8,3,0,6.707,-5.8
ox2_orig_f8,4,0,6.306,-5.7
ox2_orig_f8,5,0,6.566,-5.5
ox2_orig_f8,6,0,6.912,-5.5
ox2_orig_f8,7,0,8.012,-5.2
ox2_orig_f8,8,0,5.397,-5.1
ox2_orig_f8,9,0,7.171,-5.1
ox3_orig_f8,0,1,0.0,
ox3_orig_f8,1,0,6.142,-7.0
ox3_orig_f8,2,0,4.365,-6.0
ox3_orig_f8,3,0,2.629,-5.2
ox3_orig_f8,4,0,10.563,-4.6
ox3_orig_f8,5,0,7.95,-4.6
ox3_orig_f8,6,0,9.269,-4.5
ox3_orig_f8,7,0,10.662,-4.5
ox3_orig_f8,8,0,9.159,-4.5
ox3_orig_f8,9,0,9.515,-4.4
ox1_esm1_f8,0,1,0.0,
ox1_esm1_f8,1,0,5.838,-7.2
ox1_esm1_f8,2,0,5.662,-6.8
ox1_esm1_f8,3,0,5.674,-6.8
ox1_esm1_f8,4,0,3.155,-6.7
ox1_esm1_f8,5,0,5.829,-6.7
ox1_esm1_f8,6,0,0.978,-6.7
ox1_esm1_f8,7,0,1.527,-6.4
ox1_esm1_f8,8,0,4.213,-6.2
ox1_esm1_f8,9,0,6.967,-6.1
ox2_esm1_f8,0,1,0.0,
ox2_esm1_f8,1,0,11.336,-4.9
ox2_esm1_f8,2,0,6.313,-4.7
ox2_esm1_f8,3,0,6.37,-4.6
ox2_esm1_f8,4,0,10.845,-4.5
ox2_esm1_f8,5,0,6.269,-4.5
ox2_esm1_f8,6,0,4.323,-4.5
ox2_esm1_f8,7,0,10.68,-4.5
ox2_esm1_f8,8,0,5.674,-4.4
ox2_esm1_f8,9,0,12.276,-4.4
