structure,leg,vdw,eel,egb,esurf,dg_gas,dg_solv,dg_bind,std_dev,std_err
ox1_orig_f12,prod_20ns,-14.8061,-8.2567,14.8045,-2.0544,-23.0628,12.7501,-10.3127,7.5903,0.0537
ox1_orig_f12,first_5ns,-28.5077,-13.3280,25.6330,-3.8714,-41.8358,21.7616,-20.0741,3.6024,0.0509
ox1_orig_f12,first_10ns,-22.9245,-13.6370,23.3373,-3.1265,-36.5614,20.2107,-16.3507,5.3195,0.0532
ox1_orig_f12,first_15ns,-18.3951,-10.5934,18.5363,-2.5277,-28.9885,16.0086,-12.9799,6.8140,0.0556
ox2_orig_f8,prod_20ns,-35.4931,-11.5985,26.6725,-3.7937,-47.0915,22.8788,-24.2128,2.7981,0.0198
ox2_orig_f8,first_5ns,-35.2929,-9.2151,24.5374,-3.5275,-44.5080,21.0099,-23.4980,2.3054,0.0326
ox2_orig_f8,first_10ns,-34.3011,-11.4176,25.5276,-3.6946,-45.7187,21.8330,-23.8857,2.5791,0.0258
ox2_orig_f8,first_15ns,-34.8513,-11.5784,26.1276,-3.7302,-46.4297,22.3975,-24.0322,2.7246,0.0222
ox3_orig_f8,prod_20ns,-22.4266,-14.5804,21.2225,-3.0543,-37.0070,18.1682,-18.8388,3.9437,0.0279
ox3_orig_f8,first_5ns,-28.1488,-12.4398,23.6819,-3.6484,-40.5886,20.0336,-20.5550,3.4859,0.0493
ox3_orig_f8,first_10ns,-24.6785,-15.1564,23.0932,-3.2989,-39.8349,19.7943,-20.0406,3.5633,0.0356
ox3_orig_f8,first_15ns,-23.1749,-14.3518,21.6138,-3.1468,-37.5267,18.4669,-19.0597,3.7521,0.0306
ox1_esm1_f8,prod_20ns,-14.8067,-6.7345,13.1244,-2.2864,-21.5412,10.8380,-10.7032,6.0059,0.0425
ox1_esm1_f8,first_5ns,-23.3462,-15.6398,25.2378,-3.5841,-38.9861,21.6536,-17.3324,5.5256,0.0781
ox1_esm1_f8,first_10ns,-16.5021,-8.2797,15.2158,-2.5335,-24.7818,12.6823,-12.0995,7.0627,0.0706
ox1_esm1_f8,first_15ns,-14.6256,-6.4974,12.7707,-2.2555,-21.1230,10.5153,-10.6078,6.2659,0.0512
ox2_esm1_f8,prod_20ns,-20.6023,-23.6411,26.9089,-3.4780,-44.2434,23.4309,-20.8125,5.2924,0.0374
ox2_esm1_f8,first_5ns,-22.1514,-25.6859,27.7640,-3.7876,-47.8373,23.9764,-23.8609,3.5343,0.0500
ox2_esm1_f8,first_10ns,-22.0827,-25.7348,28.0899,-3.8153,-47.8175,24.2745,-23.5430,3.4565,0.0346
ox2_esm1_f8,first_15ns,-21.4947,-24.9957,27.7182,-3.7201,-46.4904,23.9981,-22.4923,4.2957,0.0351
ox1_orig_f12_dock1,prod_20ns,-11.5678,-9.5937,14.1166,-1.7572,-21.1615,12.3594,-8.8021,6.8320,0.0483
ox1_orig_f12_dock1,first_5ns,-21.2468,-21.7034,28.1535,-3.0741,-42.9502,25.0794,-17.8708,6.3634,0.0900
ox1_orig_f12_dock1,first_10ns,-15.7637,-14.5885,20.3978,-2.3435,-30.3522,18.0543,-12.2979,7.6144,0.0761
ox1_orig_f12_dock1,first_15ns,-12.7447,-10.9330,15.8980,-1.9333,-23.6777,13.9647,-9.7130,7.3185,0.0598
ox2_orig_f8_dock1,prod_20ns,-22.5502,-14.7394,23.1265,-3.0555,-37.2896,20.0711,-17.2185,3.8933,0.0275
ox2_orig_f8_dock1,first_5ns,-22.7067,-10.1723,20.0733,-3.1764,-32.8790,16.8970,-15.9820,3.1961,0.0452
ox2_orig_f8_dock1,first_10ns,-20.5848,-11.1072,19.3415,-2.9139,-31.6920,16.4276,-15.2644,2.9546,0.0295
ox2_orig_f8_dock1,first_15ns,-21.3955,-12.4009,20.8450,-2.9615,-33.7965,17.8835,-15.9130,3.3892,0.0277
ox3_orig_f8_dock1,prod_20ns,-24.9649,-14.9588,23.1161,-3.1773,-39.9237,19.9388,-19.9849,7.6746,0.0543
ox3_orig_f8_dock1,first_5ns,-30.6978,-19.2225,28.6563,-3.8593,-49.9203,24.7970,-25.1233,3.5086,0.0496
ox3_orig_f8_dock1,first_10ns,-29.6924,-18.9470,26.9752,-3.7209,-48.6393,23.2543,-25.3850,3.2113,0.0321
ox3_orig_f8_dock1,first_15ns,-28.6042,-18.3139,26.7795,-3.5658,-46.9180,23.2137,-23.7043,3.9085,0.0319
ox1_esm1_f8_dock1,prod_20ns,-16.0748,-19.4410,21.4984,-2.8529,-35.5158,18.6455,-16.8703,4.5160,0.0319
ox1_esm1_f8_dock1,first_5ns,-20.5387,-15.9081,20.2787,-3.3443,-36.4468,16.9343,-19.5124,4.0976,0.0579
ox1_esm1_f8_dock1,first_10ns,-18.7078,-18.0507,20.8143,-3.1458,-36.7586,17.6685,-19.0901,3.8523,0.0385
ox1_esm1_f8_dock1,first_15ns,-17.2521,-18.9021,21.1749,-2.9875,-36.1542,18.1874,-17.9668,4.0213,0.0328
ox2_esm1_f8_dock1,prod_20ns,-16.9531,-22.2066,26.8299,-2.8879,-39.1597,23.9420,-15.2177,6.8173,0.0482
ox2_esm1_f8_dock1,first_5ns,-10.3789,-4.7394,10.2917,-1.4983,-15.1183,8.7935,-6.3248,3.5793,0.0506
ox2_esm1_f8_dock1,first_10ns,-14.1288,-11.6023,17.3852,-2.2478,-25.7311,15.1375,-10.5936,6.0017,0.0600
ox2_esm1_f8_dock1,first_15ns,-16.1887,-17.9255,23.1913,-2.6831,-34.1142,20.5082,-13.6060,6.9556,0.0568
ox2_orig_f8_dock4,prod_20ns,-35.2793,-14.4233,29.7740,-4.0744,-49.7026,25.6996,-24.0030,3.4436,0.0243
ox2_orig_f8_dock4,first_5ns,-33.6866,-11.1170,27.5325,-3.9816,-44.8036,23.5509,-21.2527,2.7766,0.0393
ox2_orig_f8_dock4,first_10ns,-35.1586,-13.6123,29.5088,-4.0787,-48.7710,25.4301,-23.3409,3.6816,0.0368
ox2_orig_f8_dock4,first_15ns,-35.2949,-13.1628,29.0329,-4.0780,-48.4577,24.9550,-23.5028,3.3244,0.0271
ox2_esm1_f8_dock3,prod_20ns,-7.9846,-12.0550,14.0536,-1.4133,-20.0396,12.6403,-7.3992,6.7259,0.0476
ox2_esm1_f8_dock3,first_5ns,-14.5771,-22.1023,23.6623,-2.6808,-36.6795,20.9815,-15.6980,5.2590,0.0744
ox2_esm1_f8_dock3,first_10ns,-13.2111,-18.2214,21.8359,-2.2885,-31.4325,19.5474,-11.8851,6.1859,0.0619
ox2_esm1_f8_dock3,first_15ns,-9.6918,-14.8145,17.2001,-1.7206,-24.5064,15.4795,-9.0269,6.8323,0.0558
ox1_orig_f12_dock4,prod_20ns,-15.3842,-7.1680,14.2597,-2.1225,-22.5522,12.1372,-10.4150,6.3953,0.0452
ox1_orig_f12_dock4,first_5ns,-28.3603,-11.8607,24.5421,-3.6341,-40.2210,20.9081,-19.3129,4.4321,0.0627
ox1_orig_f12_dock4,first_10ns,-19.0842,-7.3914,16.2239,-2.5582,-26.4756,13.6657,-12.8099,7.6925,0.0769
ox1_orig_f12_dock4,first_15ns,-16.8894,-7.0378,14.8935,-2.3172,-23.9272,12.5764,-11.3508,6.8481,0.0559
