name,affinity_pred_value,binder_probability,pIC50,IC50_M,dG_kcal_mol
RYGLGEFSDWKI,-0.9576894640922546,0.7493504285812378,6.957689464092255,1.1023272307515596e-07,-9.490288429021836
RYGLSGIKWDKSFEGDGGE,-0.7796514630317688,0.6344382166862488,6.779651463031769,1.6609193203045427e-07,-9.247444595575333
FEGDSIWDKGRYGLEGS,-0.6424144506454468,0.669014036655426,6.642414450645447,2.2781669616241588e-07,-9.06025331068039
KIDEFSIGDKGWGEGLGYGLS,-0.4523433446884155,0.49928250908851624,6.4523433446884155,3.5290406045769277e-07,-8.800996322155
DKSIFEDIKWGEGLGYGLS,-0.7636034488677979,0.6788865327835083,6.763603448867798,1.72344151866873e-07,-9.225555104255678
FEGKDWISGGRYGL,-0.6012290120124817,0.6754001379013062,6.601229012012482,2.504788080758487e-07,-9.004076372385025
IDELGKGWKISGSLGYEGGF,-0.5524406433105469,0.5970544815063477,6.552440643310547,2.8025886360101773e-07,-8.937529037475587
YELFISWDKGRGGSGEY,-0.48456019163131714,0.4945090115070343,6.484560191631317,3.276723594639071e-07,-8.844940101385117
EFIISLDEGFGWGLGKGGGGYS,-0.5264227390289307,0.46818989515304565,6.526422739028931,2.975618574222977e-07,-8.902040616035462
KIGEFSDLGYGGGW,-0.7734585404396057,0.575534462928772,6.773458540439606,1.6847732545704677e-07,-9.238997449159623
DLFEYGGIKWGS,-1.1784758567810059,0.7840436100959778,7.178475856781006,6.63016204921148e-08,-9.791441068649293
IDELGSFKWGGGGY,-0.9003938436508179,0.5631160736083984,6.900393843650818,1.2577842620681452e-07,-9.412137202739716
LSFIKGYSWEEGKGGGL,-0.36169588565826416,0.3872232437133789,6.361695885658264,4.3481459614231684e-07,-8.677353188037873
YELFISWDKGR,-1.0178152322769165,0.7389950156211853,7.0178152322769165,9.598088890262841e-08,-9.572299976825715
WSDKGEGFGEYRLGGW,-0.6122210621833801,0.4323759973049164,6.61222106218338,2.442187127629577e-07,-9.01906952881813
SLWYGKGDGFLGYSGEGGR,-0.7507174015045166,0.6206697225570679,6.750717401504517,1.7753443342468502e-07,-9.207978535652162
EGKGLISDGWGFGGGY,-0.6358519196510315,0.7312310934066772,6.6358519196510315,2.3128532637819647e-07,-9.051302018404007
LSFIGYWEGK,-1.2122855186462402,0.8337109684944153,7.21228551864624,6.133586316187696e-08,-9.837557447433472
WSDKGEGFGYRL,-0.786961019039154,0.5162137150764465,6.786961019039154,1.6331985322826938e-07,-9.257414829969408
SLWYGKGDGFGRGGE,-0.8224866390228271,0.5267608761787415,6.822486639022827,1.5049198166277478e-07,-9.305871775627137
RGYGGLGGEGFGSGDGWGKGI,-0.22550369799137115,0.5297260284423828,6.225503697991371,5.9497169058928e-07,-8.49158704406023
RGGYGGGLGGGEGGFGGSGGDGGWGGKGGI,-0.01628124713897705,0.16517774760723114,6.016281247138977,9.632050543763844e-07,-8.206207621097565
RGGGYGGGGLGGGGEGGGFGGGSGGGDGGGWGGGKGGGI,0.03196711838245392,0.16352391242980957,5.968032881617546,1.0763837146032429e-06,-8.140396850526333
cyclo_FGEGGKGDGWGIGSGGGRGYGGLGGG,-0.005330801010131836,0.445448100566864,6.005330801010132,9.878004029592289e-07,-8.19127121257782
cyclo_RGYGGLGGEGFGSGDGWGKGIGG,-0.10223889350891113,0.5335806608200073,6.102238893508911,7.902438169253136e-07,-8.323453850746155
cyclo_KGIGGEGFGSGDGLGGYGGGGWG,-0.2112797498703003,0.4589303731918335,6.2112797498703,6.147807354299898e-07,-8.47218557882309
cyclo_DGLGFGEGYGGGIGKGWGGSG,-0.37645599246025085,0.6787834167480469,6.376455992460251,4.2028511347460857e-07,-8.697485973715782
cyclo_IGDGEGLGGSGFGKGWGGGGGYGG,-0.11505109071731567,0.4379992187023163,6.115051090717316,7.672712217102582e-07,-8.34092968773842
cyclo_YGEGLGFGIGSGWGDGKGGRGG,-0.4111388623714447,0.6443825960159302,6.411138862371445,3.8802627768999697e-07,-8.744793408274651
cyclo_EGGKGGLGIGSGDGGWGGFGGGGYGGGG,-0.02277064323425293,0.3529488146305084,6.022770643234253,9.489194681484204e-07,-8.215059157371522
cyclo_LGSGFGIGGYGWGEGGKGG,-0.4667089283466339,0.7008466720581055,6.466708928346634,3.4142166164442964e-07,-8.820590978264809
cyclo_WGSGDGKGGEGGFGGYGRGLGG,-0.19586771726608276,0.4663582742214203,6.195867717266083,6.369895134319794e-07,-8.451163566350937
cyclo_SGLGWGYGGKGGDGGFGGRGGGEGG,-0.34805208444595337,0.3333216905593872,6.348052084445953,4.4869157563313375e-07,-8.65874304318428
rand1_1_FWDKESRSPHESAPQYARK,-0.4350448548793793,0.35342538356781006,6.435044854879379,3.67244368741531e-07,-8.777401182055474
rand1_2_IWEMAAAVAPHQATIRSVI,-0.2961316704750061,0.5557960271835327,6.296131670475006,5.056713280764698e-07,-8.587923598527908
rand1_3_NIIRLAQVEGLEMTQTHLL,-0.8956476449966431,0.763529896736145,6.895647644996643,1.2716053750582552e-07,-9.405663387775421
rand1_4_WSTPWCSIPQGNVNDRTEG,-0.4040564298629761,0.5444206595420837,6.404056429862976,3.9440605176845144e-07,-8.7351329703331
rand1_5_TPNSASCLYWWPGGTIAHV,-0.5797483921051025,0.40535467863082886,6.5797483921051025,2.63179227544586e-07,-8.974776806831361
RYDLSLIKWDKSFEDDGSE,-0.7826821804046631,0.6459288597106934,6.782682180404663,1.6493689691814185e-07,-9.25157849407196
DKSIFEDIKWLEELKYLLS,-0.9462915658950806,0.6921074390411377,6.946291565895081,1.1316403754079721e-07,-9.47474169588089
SLWYVKLDVFLKYSIENFR,-1.0295244455337524,0.7283669710159302,7.029524445533752,9.342767782791811e-08,-9.588271343708039
cyclo_LKSLFKIVIYSWLERRKGI,-0.6566892266273499,0.587777853012085,6.65668922662735,2.2045034020228836e-07,-9.079724105119706
