sequence,n_residues,total_ie_kcal_mol,pIC50,boltz_dG_kcal_mol,binder_probability
RYGLSGIKWDKSFEGDGGE,19,-122.3775,6.780,-9.247,0.634
RYDLSLIKWDKSFEDDGSE,19,-122.3775,6.783,-9.252,0.646
FEGDSIWDKGRYGLEGS,17,-119.4236,6.642,-9.060,0.669
KIDEFSIGDKGWGEGLGYGLS,21,-110.7407,6.452,-8.801,0.499
DKSIFEDIKWGEGLGYGLS,19,-110.7407,6.764,-9.226,0.679
DKSIFEDIKWLEELKYLLS,19,-110.7407,6.946,-9.475,0.692
FEGKDWISGGRYGL,14,-101.1468,6.601,-9.004,0.675
cyclo-FGEGGKGDGWGIGSGGGRGYGGLGGG,26,-101.1468,6.005,-8.191,0.445
RYGLGEFSDWKI,12,-100.8655,6.958,-9.490,0.749
RGYGGLGGEGFGSGDGWGKGI,21,-100.8655,6.226,-8.492,0.530
RGGYGGGLGGGEGGFGGSGGDGGWGGKGGI,30,-100.8655,6.016,-8.206,0.165
RGGGYGGGGLGGGGEGGGFGGGSGGGDGGGWGGGKGGGI,39,-100.8655,5.968,-8.140,0.164
cyclo-RGYGGLGGEGFGSGDGWGKGIGG,23,-100.8655,6.102,-8.323,0.534
IDELGKGWKISGSLGYEGGF,20,-85.3390,6.552,-8.938,0.597
YELFISWDKGRGGSGEY,17,-80.6880,6.485,-8.845,0.495
EFIISLDEGFGWGLGKGGGGYS,22,-79.7887,6.526,-8.902,0.468
KIGEFSDLGYGGGW,14,-79.2770,6.773,-9.239,0.576
DLFEYGGIKWGS,12,-79.2770,7.178,-9.791,0.784
cyclo-KGIGGEGFGSGDGLGGYGGGGWG,23,-79.2770,6.211,-8.472,0.459
cyclo-DGLGFGEGYGGGIGKGWGGSG,21,-79.2770,6.376,-8.697,0.679
IDELGSFKWGGGGY,14,-71.4384,6.900,-9.412,0.563
cyclo-IGDGEGLGGSGFGKGWGGGGGYGG,24,-71.4384,6.115,-8.341,0.438
LSFIKGYSWEEGKGGGL,17,-69.4050,6.362,-8.677,0.387
YELFISWDKGR,11,-68.8702,7.018,-9.572,0.739
cyclo-YGEGLGFGIGSGWGDGKGGRGG,22,-68.8702,6.411,-8.745,0.644
WSDKGEGFGEYRLGGW,16,-68.8142,6.612,-9.019,0.432
SLWYGKGDGFLGYSGEGGR,19,-60.7881,6.751,-9.208,0.621
SLWYVKLDVFLKYSIENFR,19,-60.7881,7.030,-9.588,0.728
EGKGLISDGWGFGGGY,16,-56.6889,6.636,-9.051,0.731
cyclo-EGGKGGLGIGSGDGGWGGFGGGGYGGGG,28,-56.6889,6.023,-8.215,0.353
LSFIGYWEGK,10,-56.2388,7.212,-9.838,0.834
cyclo-LGSGFGIGGYGWGEGGKGG,19,-56.2388,6.467,-8.821,0.701
cyclo-LKSLFKIVIYSWLERRKGI,19,-56.2388,6.657,-9.080,0.588
WSDKGEGFGYRL,12,-56.1374,6.787,-9.257,0.516
cyclo-WGSGDGKGGEGGFGGYGRGLGG,22,-56.1374,6.196,-8.451,0.466
SLWYGKGDGFGRGGE,15,-54.0230,6.822,-9.306,0.527
cyclo-SGLGWGYGGKGGDGGFGGRGGGEGG,25,-54.0230,6.348,-8.659,0.333
