name,closest_approach,contacts_under_cutoff,bound,enclosed_fraction,centroid_separation,peptide_rg,ligand_heavy_atoms,engaged,wrapped_fraction,mean_ligand_distance,hints_applied,n_hints,hints_satisfied,hint_rate,worst_hint_miss,forced
RGGDGGKGGGGLGGGGKGIGEGWGGDGSGGEGS_control,2.8,27,1,0.495,20.9,13.7,20,15,0.75,3.89,0,0,0,,0.0,
RGGDGGKGGGGLGGGGKGIGEGWGGDGSGGEGS_esm1,2.55,13,1,0.455,8.4,11.2,20,12,0.6,4.42,0,0,0,,0.0,
RGGDGGKGGGGLGGGGKGIGEGWGGDGSGGEGS_esm2,3.6,5,1,0.53,7.7,12.2,20,8,0.4,5.1,0,0,0,,0.0,
esm1_f12,3.12,26,1,0.76,3.4,11.0,20,16,0.8,4.05,12,12,1,0.083,13.78,1
esm1_f4,3.29,23,1,0.605,6.6,11.0,20,13,0.65,4.23,4,4,0,0.0,7.65,1
esm1_f8,3.45,29,1,0.75,4.1,10.9,20,18,0.9,3.88,8,8,1,0.125,10.08,1
esm2_f12,2.65,32,1,0.905,7.1,12.0,20,20,1.0,3.63,12,12,0,0.0,19.55,1
esm2_f4,3.14,8,1,0.46,11.0,11.5,20,10,0.5,4.75,4,4,0,0.0,10.42,1
esm2_f8,2.88,14,1,0.625,10.4,12.7,20,15,0.75,4.29,8,8,0,0.0,23.49,1
orig_f12,2.44,47,1,0.96,4.2,8.0,20,20,1.0,3.49,12,12,0,0.0,3.09,1
orig_f4,2.66,23,1,0.595,7.1,7.4,20,17,0.85,3.85,4,4,3,0.75,0.29,1
orig_f8,2.56,20,1,0.515,8.4,8.0,20,13,0.65,4.34,8,8,1,0.125,12.45,1
