name,closest_approach,contacts_under_cutoff,bound,enclosed_fraction,centroid_separation,peptide_rg,helical_fraction,beta_fraction,helical_hbonds,nonlocal_hbonds,ligand_heavy_atoms,engaged,wrapped_fraction,mean_ligand_distance,hints_applied,n_hints,hints_satisfied,hint_rate,worst_hint_miss,forced
RGGDGGKGGGGLGGGGKGIGEGWGGDGSGGEGS_control,2.8,27,1,0.495,20.9,13.7,0.0,0.548,1,3,20,15,0.75,3.89,0,0,0,,0.0,
RGGDGGKGGGGLGGGGKGIGEGWGGDGSGGEGS_esm1,2.55,13,1,0.455,8.4,11.2,0.806,0.097,32,0,20,12,0.6,4.42,0,0,0,,0.0,
RGGDGGKGGGGLGGGGKGIGEGWGGDGSGGEGS_esm2,3.6,5,1,0.53,7.7,12.2,0.774,0.032,31,0,20,8,0.4,5.1,0,0,0,,0.0,
esm1_f12,3.12,26,1,0.76,3.4,11.0,0.806,0.097,33,0,20,16,0.8,4.05,12,12,1,0.083,13.78,1
esm1_f4,3.29,23,1,0.605,6.6,11.0,0.806,0.097,37,0,20,13,0.65,4.23,4,4,0,0.0,7.65,1
esm1_f8,3.45,29,1,0.75,4.1,10.9,0.806,0.097,37,0,20,18,0.9,3.88,8,8,1,0.125,10.08,1
esm2_f12,2.65,32,1,0.905,7.1,12.0,0.677,0.194,32,0,20,20,1.0,3.63,12,12,0,0.0,19.55,1
esm2_f4,3.14,8,1,0.46,11.0,11.5,0.677,0.194,27,0,20,10,0.5,4.75,4,4,0,0.0,10.42,1
esm2_f8,2.88,14,1,0.625,10.4,12.7,0.71,0.097,29,0,20,15,0.75,4.29,8,8,0,0.0,23.49,1
orig_f12,2.44,47,1,0.96,4.2,8.0,0.065,0.419,0,8,20,20,1.0,3.49,12,12,0,0.0,3.09,1
orig_f4,2.66,23,1,0.595,7.1,7.4,0.065,0.323,5,4,20,17,0.85,3.85,4,4,3,0.75,0.29,1
orig_f8,2.56,20,1,0.515,8.4,8.0,0.161,0.419,5,9,20,13,0.65,4.34,8,8,1,0.125,12.45,1
s2_esm1_control,3.66,5,1,0.375,11.2,10.3,0.419,0.419,13,5,20,11,0.55,4.64,0,0,0,,0.0,
s2_esm1_f12,3.3,22,1,0.675,5.9,9.3,0.419,0.387,16,5,20,18,0.9,4.02,12,12,3,0.25,12.44,1
s2_esm1_f4,3.31,19,1,0.64,6.8,9.6,0.419,0.387,14,4,20,16,0.8,4.15,4,4,1,0.25,12.68,1
s2_esm1_f8,3.07,25,1,0.67,5.5,9.5,0.419,0.419,16,4,20,16,0.8,4.01,8,8,1,0.125,13.06,1
s2_esm2_control,3.42,18,1,0.51,6.7,15.0,1.0,0.0,36,0,20,17,0.85,4.07,0,0,0,,0.0,
s2_esm2_f12,3.08,17,1,0.61,5.9,14.9,1.0,0.0,42,0,20,15,0.75,4.11,12,12,2,0.167,21.43,1
s2_esm2_f4,3.07,20,1,0.5,16.0,14.7,0.968,0.0,43,0,20,11,0.55,4.27,4,4,0,0.0,12.67,1
s2_esm2_f8,2.97,31,1,0.86,9.5,9.8,0.871,0.065,34,0,20,19,0.95,3.76,8,8,0,0.0,4.79,1
s2_orig_control,3.14,28,1,0.6,7.7,13.3,0.032,0.806,1,6,20,20,1.0,3.74,0,0,0,,0.0,
s2_orig_f12,2.66,36,1,0.7,7.2,7.7,0.065,0.387,5,11,20,17,0.85,3.65,12,12,1,0.083,10.48,1
s2_orig_f4,2.82,33,1,0.625,2.9,11.8,0.032,0.355,1,6,20,17,0.85,3.94,4,4,0,0.0,6.73,1
s2_orig_f8,2.44,15,1,0.43,9.6,12.3,0.032,0.645,0,4,20,17,0.85,3.83,8,8,1,0.125,9.55,1
