structure_a,structure_b,ca_rmsd_on_ligand,ca_rmsd_on_peptide
RGGDGGKGGGGLGGGGKGIGEGWGGDGSGGEGS_control,RGGDGGKGGGGLGGGGKGIGEGWGGDGSGGEGS_esm1,27.736,12.558
RGGDGGKGGGGLGGGGKGIGEGWGGDGSGGEGS_control,RGGDGGKGGGGLGGGGKGIGEGWGGDGSGGEGS_esm2,27.940,13.236
RGGDGGKGGGGLGGGGKGIGEGWGGDGSGGEGS_control,esm1_f12,28.222,12.150
RGGDGGKGGGGLGGGGKGIGEGWGGDGSGGEGS_control,esm1_f4,25.303,12.070
RGGDGGKGGGGLGGGGKGIGEGWGGDGSGGEGS_control,esm1_f8,28.758,12.033
RGGDGGKGGGGLGGGGKGIGEGWGGDGSGGEGS_control,esm2_f12,25.251,14.646
RGGDGGKGGGGLGGGGKGIGEGWGGDGSGGEGS_control,esm2_f4,29.163,11.694
RGGDGGKGGGGLGGGGKGIGEGWGGDGSGGEGS_control,esm2_f8,28.524,13.455
RGGDGGKGGGGLGGGGKGIGEGWGGDGSGGEGS_control,orig_f12,26.588,12.218
RGGDGGKGGGGLGGGGKGIGEGWGGDGSGGEGS_control,orig_f4,25.049,11.639
RGGDGGKGGGGLGGGGKGIGEGWGGDGSGGEGS_control,orig_f8,26.116,13.938
RGGDGGKGGGGLGGGGKGIGEGWGGDGSGGEGS_esm1,RGGDGGKGGGGLGGGGKGIGEGWGGDGSGGEGS_esm2,19.581,7.607
RGGDGGKGGGGLGGGGKGIGEGWGGDGSGGEGS_esm1,esm1_f12,14.804,0.584
RGGDGGKGGGGLGGGGKGIGEGWGGDGSGGEGS_esm1,esm1_f4,25.287,0.664
RGGDGGKGGGGLGGGGKGIGEGWGGDGSGGEGS_esm1,esm1_f8,22.341,0.803
RGGDGGKGGGGLGGGGKGIGEGWGGDGSGGEGS_esm1,esm2_f12,19.251,6.967
RGGDGGKGGGGLGGGGKGIGEGWGGDGSGGEGS_esm1,esm2_f4,18.978,8.740
RGGDGGKGGGGLGGGGKGIGEGWGGDGSGGEGS_esm1,esm2_f8,20.565,7.373
RGGDGGKGGGGLGGGGKGIGEGWGGDGSGGEGS_esm1,orig_f12,17.071,10.533
RGGDGGKGGGGLGGGGKGIGEGWGGDGSGGEGS_esm1,orig_f4,14.707,10.039
RGGDGGKGGGGLGGGGKGIGEGWGGDGSGGEGS_esm1,orig_f8,20.740,10.734
RGGDGGKGGGGLGGGGKGIGEGWGGDGSGGEGS_esm2,esm1_f12,20.223,7.595
RGGDGGKGGGGLGGGGKGIGEGWGGDGSGGEGS_esm2,esm1_f4,15.710,7.645
RGGDGGKGGGGLGGGGKGIGEGWGGDGSGGEGS_esm2,esm1_f8,17.938,7.563
RGGDGGKGGGGLGGGGKGIGEGWGGDGSGGEGS_esm2,esm2_f12,11.709,4.646
RGGDGGKGGGGLGGGGKGIGEGWGGDGSGGEGS_esm2,esm2_f4,10.272,3.147
RGGDGGKGGGGLGGGGKGIGEGWGGDGSGGEGS_esm2,esm2_f8,8.854,3.594
RGGDGGKGGGGLGGGGKGIGEGWGGDGSGGEGS_esm2,orig_f12,13.640,11.844
RGGDGGKGGGGLGGGGKGIGEGWGGDGSGGEGS_esm2,orig_f4,15.397,10.531
RGGDGGKGGGGLGGGGKGIGEGWGGDGSGGEGS_esm2,orig_f8,20.302,10.601
esm1_f12,esm1_f4,22.750,0.279
esm1_f12,esm1_f8,16.833,0.337
esm1_f12,esm2_f12,19.360,7.040
esm1_f12,esm2_f4,18.223,8.609
esm1_f12,esm2_f8,20.801,7.378
esm1_f12,orig_f12,14.493,10.350
esm1_f12,orig_f4,12.157,9.840
esm1_f12,orig_f8,17.156,10.573
esm1_f4,esm1_f8,15.081,0.437
esm1_f4,esm2_f12,19.065,7.082
esm1_f4,esm2_f4,20.198,8.643
esm1_f4,esm2_f8,18.891,7.389
esm1_f4,orig_f12,15.743,10.229
esm1_f4,orig_f4,19.586,9.805
esm1_f4,orig_f8,15.771,10.582
esm1_f8,esm2_f12,14.021,7.031
esm1_f8,esm2_f4,20.651,8.525
esm1_f8,esm2_f8,15.781,7.381
esm1_f8,orig_f12,13.651,10.281
esm1_f8,orig_f4,16.501,9.697
esm1_f8,orig_f8,16.514,10.399
esm2_f12,esm2_f4,18.691,6.379
esm2_f12,esm2_f8,8.118,3.361
esm2_f12,orig_f12,13.783,11.677
esm2_f12,orig_f4,14.792,10.788
esm2_f12,orig_f8,19.980,11.219
esm2_f4,esm2_f8,17.076,5.483
esm2_f4,orig_f12,15.874,11.160
esm2_f4,orig_f4,13.063,9.601
esm2_f4,orig_f8,23.558,9.904
esm2_f8,orig_f12,13.940,11.716
esm2_f8,orig_f4,15.448,11.498
esm2_f8,orig_f8,21.579,11.562
orig_f12,orig_f4,9.832,7.514
orig_f12,orig_f8,15.293,6.256
orig_f4,orig_f8,17.955,7.435
