name,ligand_rmsd_A,n_fragments,matched_within_cutoff,median_distance_A,median_distance_any_type_A
DKSIFEDIKWGEGLGYGLS,0.161,15,0,9.988,5.115
DKSIFEDIKWLEELKYLLS,0.843,15,0,9.876,5.954
DLFEYGGIKWGS,0.427,9,0,11.705,4.711
EFIISLDEGFGWGLGKGGGGYS,0.548,14,0,12.261,6.761
EGKGLISDGWGFGGGY,0.334,9,0,13.077,7.119
FEGDSIWDKGRYGLEGS,0.614,13,1,10.888,5.162
FEGKDWISGGRYGL,0.071,10,1,12.422,7.595
IDELGKGWKISGSLGYEGGF,0.664,14,1,9.945,4.892
IDELGSFKWGGGGY,0.567,9,0,12.711,7.178
KIDEFSIGDKGWGEGLGYGLS,0.675,15,1,10.583,5.480
KIGEFSDLGYGGGW,0.863,9,0,12.381,5.837
LSFIGYWEGK,0.654,8,1,11.002,5.608
LSFIKGYSWEEGKGGGL,0.508,12,0,9.006,5.400
RGGGYGGGGLGGGGEGGGFGGGSGGGDGGGWGGGKGGGI,0.538,10,0,16.445,8.468
RGGYGGGLGGGEGGFGGSGGDGGWGGKGGI,0.811,10,0,14.537,6.672
RGYGGLGGEGFGSGDGWGKGI,0.799,10,0,12.702,6.777
RYDLSLIKWDKSFEDDGSE,0.579,14,0,10.920,6.563
RYGLGEFSDWKI,0.588,10,0,16.528,11.613
RYGLSGIKWDKSFEGDGGE,0.731,14,1,10.548,6.288
SLWYGKGDGFGRGGE,0.582,9,0,12.773,5.459
SLWYGKGDGFLGYSGEGGR,0.821,12,0,13.081,5.436
SLWYVKLDVFLKYSIENFR,0.547,12,0,12.731,8.126
WSDKGEGFGEYRLGGW,0.203,11,0,12.538,5.585
WSDKGEGFGYRL,0.723,9,0,10.577,4.462
YELFISWDKGR,0.558,10,0,16.063,9.273
YELFISWDKGRGGSGEY,0.501,13,2,11.364,7.503
cyclo_DGLGFGEGYGGGIGKGWGGSG,0.757,9,0,10.958,4.726
cyclo_EGGKGGLGIGSGDGGWGGFGGGGYGGGG,0.846,9,0,12.963,7.534
cyclo_FGEGGKGDGWGIGSGGGRGYGGLGGG,0.842,10,0,13.151,6.294
cyclo_IGDGEGLGGSGFGKGWGGGGGYGG,0.845,9,0,11.055,4.408
cyclo_KGIGGEGFGSGDGLGGYGGGGWG,0.786,9,0,10.259,5.124
cyclo_LGSGFGIGGYGWGEGGKGG,0.763,8,1,11.361,6.664
cyclo_LKSLFKIVIYSWLERRKGI,0.560,8,0,10.561,6.222
cyclo_RGYGGLGGEGFGSGDGWGKGIGG,0.694,10,0,12.975,4.414
cyclo_SGLGWGYGGKGGDGGFGGRGGGEGG,0.620,9,0,17.859,5.418
cyclo_WGSGDGKGGEGGFGGYGRGLGG,0.557,9,1,14.809,5.246
cyclo_YGEGLGFGIGSGWGDGKGGRGG,0.849,10,0,12.859,5.693
