name,e_bound_kcal,e_reference_kcal,strain_global_kcal,source
s3_esm1_control,-557148.696,-557162.371,13.675,xyz
s3_esm1_f12,-557150.724,-557162.371,11.647,xyz
s3_esm1_f4,-557111.201,-557162.371,51.170,xyz
s3_esm1_f8,-557100.702,-557162.371,61.669,xyz
s3_esm2_control,-557149.236,-557162.371,13.135,xyz
s3_esm2_f12,-557151.543,-557162.371,10.828,xyz
s3_esm2_f4,-557147.209,-557162.371,15.162,xyz
s3_esm2_f8,-557147.669,-557162.371,14.702,xyz
s3_orig_control,-557148.255,-557162.371,14.116,xyz
s3_orig_f12,-557118.319,-557162.371,44.052,xyz
s3_orig_f4,-557122.921,-557162.371,39.450,xyz
s3_orig_f8,-557106.603,-557162.371,55.768,xyz
