name,e_bound_kcal,e_reference_kcal,strain_global_kcal,source_log
RGGDGGKGGGGLGGGGKGIGEGWGGDGSGGEGS_control,-557147.715,-557162.371,14.656,score_is.log
RGGDGGKGGGGLGGGGKGIGEGWGGDGSGGEGS_esm1,-557155.169,-557162.371,7.202,score_is.log
RGGDGGKGGGGLGGGGKGIGEGWGGDGSGGEGS_esm2,-557143.235,-557162.371,19.136,score_is.log
esm1_f12,-557151.114,-557162.371,11.257,score_esmf.log
esm1_f4,-557135.214,-557162.371,27.157,score_esmf.log
esm1_f8,-557125.461,-557162.371,36.910,score_esmf.log
esm2_f12,-557152.512,-557162.371,9.859,score_esm2.log
esm2_f4,-557136.459,-557162.371,25.912,score_esm2.log
esm2_f8,-557146.766,-557162.371,15.605,score_esm2.log
orig_f12,-557149.575,-557162.371,12.796,score_is.log
orig_f4,-557150.731,-557162.371,11.640,score_is.log
orig_f8,-557120.312,-557162.371,42.059,score_is.log
s2_esm1_control,-557150.735,-557162.371,11.636,score_shell2.log
s2_esm1_f12,-557139.003,-557162.371,23.368,score_shell2_forced.log
s2_esm1_f4,-557140.945,-557162.371,21.426,score_shell2_forced.log
s2_esm1_f8,-557128.631,-557162.371,33.740,score_shell2_forced.log
s2_esm2_control,-557153.318,-557162.371,9.053,score_shell2.log
s2_esm2_f12,-557149.591,-557162.371,12.780,score_shell2_forced.log
s2_esm2_f4,-557133.050,-557162.371,29.321,score_shell2_forced.log
s2_esm2_f8,-557139.072,-557162.371,23.299,score_shell2_forced.log
s2_orig_control,-557153.143,-557162.371,9.228,score_shell2.log
s2_orig_f12,-557146.306,-557162.371,16.065,score_shell2_forced.log
s2_orig_f4,-557146.499,-557162.371,15.872,score_shell2_forced.log
s2_orig_f8,-557125.567,-557162.371,36.804,score_shell2_forced.log
