name,n_residues,n_atoms,peptide_charge,uma_ie_kcal_mol
DKSIFEDIKWGEGLGYGLS,19,336,-2,-8.323
DKSIFEDIKWLEELKYLLS,19,383,-2,-11.675
DLFEYGGIKWGS,12,231,-1,-7.656
EFIISLDEGFGWGLGKGGGGYS,22,350,-2,-18.757
EGKGLISDGWGFGGGY,16,259,-1,-9.973
FEGDSIWDKGRYGLEGS,17,300,-2,-2.736
FEGKDWISGGRYGL,14,262,0,-2.087
IDELGKGWKISGSLGYEGGF,20,338,-1,-25.975
IDELGSFKWGGGGY,14,245,-1,-10.262
KIDEFSIGDKGWGEGLGYGLS,21,350,-2,-23.703
KIGEFSDLGYGGGW,14,245,-1,-12.379
LSFIGYWEGK,10,212,0,-13.856
LSFIKGYSWEEGKGGGL,17,300,0,27.360
RGGGYGGGGLGGGGEGGGFGGGSGGGDGGGWGGGKGGGI,39,437,0,13.532
RGGYGGGLGGGEGGFGGSGGDGGWGGKGGI,30,374,0,-16.610
RGYGGLGGEGFGSGDGWGKGI,21,311,0,-17.173
RYDLSLIKWDKSFEDDGSE,19,355,-3,-10.242
RYGLGEFSDWKI,12,248,0,-1.454
RYGLSGIKWDKSFEGDGGE,19,329,-1,-9.441
SLWYGKGDGFGRGGE,15,257,0,-14.101
SLWYGKGDGFLGYSGEGGR,19,315,0,-12.554
SLWYVKLDVFLKYSIENFR,19,392,1,0.778
cyclo_LKSLFKIVIYSWLERRKGI,19,400,4,-6.656
