structure,pose,is_reference,rmsd_to_reference_A,vina_score,dg,dg_err,residence,releases,source
bg33_3,0,1,0.0,,-11.86,0.02,41.0,18,boltzgen
bg33_3,1,0,5.935,-4.2,-11.86,0.02,41.0,18,boltzgen
bg33_3,2,0,9.249,-4.1,-11.86,0.02,41.0,18,boltzgen
bg33_3,3,0,7.86,-4.0,-11.86,0.02,41.0,18,boltzgen
bg33_3,4,0,8.987,-4.0,-11.86,0.02,41.0,18,boltzgen
bg33_3,5,0,9.432,-3.9,-11.86,0.02,41.0,18,boltzgen
bg33_3,6,0,8.777,-3.8,-11.86,0.02,41.0,18,boltzgen
bg33_3,7,0,7.44,-3.8,-11.86,0.02,41.0,18,boltzgen
bg33_3,8,0,9.74,-3.8,-11.86,0.02,41.0,18,boltzgen
bg33_3,9,0,4.467,-3.7,-11.86,0.02,41.0,18,boltzgen
bg33_4,0,1,0.0,,-19.66,0.02,100.0,0,boltzgen
bg33_4,1,0,4.067,-4.7,-19.66,0.02,100.0,0,boltzgen
bg33_4,2,0,7.425,-4.5,-19.66,0.02,100.0,0,boltzgen
bg33_4,3,0,8.756,-4.4,-19.66,0.02,100.0,0,boltzgen
bg33_4,4,0,9.275,-4.4,-19.66,0.02,100.0,0,boltzgen
bg33_4,5,0,9.638,-4.4,-19.66,0.02,100.0,0,boltzgen
bg33_4,6,0,1.301,-4.4,-19.66,0.02,100.0,0,boltzgen
bg33_4,7,0,9.297,-4.4,-19.66,0.02,100.0,0,boltzgen
bg33_4,8,0,8.411,-4.3,-19.66,0.02,100.0,0,boltzgen
bg33_4,9,0,9.378,-4.3,-19.66,0.02,100.0,0,boltzgen
orig_f12,0,1,0.0,,-13.71,0.04,77.3,0,peptidebuilder
orig_f12,1,0,5.962,-6.0,-13.71,0.04,77.3,0,peptidebuilder
orig_f12,2,0,9.798,-6.0,-13.71,0.04,77.3,0,peptidebuilder
orig_f12,3,0,10.1,-5.9,-13.71,0.04,77.3,0,peptidebuilder
orig_f12,4,0,10.256,-5.9,-13.71,0.04,77.3,0,peptidebuilder
orig_f12,5,0,7.633,-5.9,-13.71,0.04,77.3,0,peptidebuilder
orig_f12,6,0,5.519,-5.8,-13.71,0.04,77.3,0,peptidebuilder
orig_f12,7,0,11.055,-5.7,-13.71,0.04,77.3,0,peptidebuilder
orig_f12,8,0,6.9,-5.7,-13.71,0.04,77.3,0,peptidebuilder
orig_f12,9,0,9.905,-5.6,-13.71,0.04,77.3,0,peptidebuilder
s2_esm2_control,0,1,0.0,,-16.25,0.08,59.6,1,peptidebuilder
s2_esm2_control,1,0,9.888,-5.0,-16.25,0.08,59.6,1,peptidebuilder
s2_esm2_control,2,0,7.725,-5.0,-16.25,0.08,59.6,1,peptidebuilder
s2_esm2_control,3,0,7.824,-4.9,-16.25,0.08,59.6,1,peptidebuilder
s2_esm2_control,4,0,9.116,-4.9,-16.25,0.08,59.6,1,peptidebuilder
s2_esm2_control,5,0,8.761,-4.9,-16.25,0.08,59.6,1,peptidebuilder
s2_esm2_control,6,0,5.132,-4.6,-16.25,0.08,59.6,1,peptidebuilder
s2_esm2_control,7,0,8.789,-4.6,-16.25,0.08,59.6,1,peptidebuilder
s2_esm2_control,8,0,8.9,-4.5,-16.25,0.08,59.6,1,peptidebuilder
s2_esm2_control,9,0,8.506,-4.5,-16.25,0.08,59.6,1,peptidebuilder
s3_esm2_f4,0,1,0.0,,-21.08,0.08,99.6,0,peptidebuilder
s3_esm2_f4,1,0,7.409,-6.0,-21.08,0.08,99.6,0,peptidebuilder
s3_esm2_f4,2,0,8.531,-5.7,-21.08,0.08,99.6,0,peptidebuilder
s3_esm2_f4,3,0,8.292,-5.7,-21.08,0.08,99.6,0,peptidebuilder
s3_esm2_f4,4,0,8.781,-5.5,-21.08,0.08,99.6,0,peptidebuilder
s3_esm2_f4,5,0,3.643,-5.5,-21.08,0.08,99.6,0,peptidebuilder
s3_esm2_f4,6,0,3.555,-5.1,-21.08,0.08,99.6,0,peptidebuilder
s3_esm2_f4,7,0,3.307,-5.1,-21.08,0.08,99.6,0,peptidebuilder
s3_esm2_f4,8,0,8.688,-5.0,-21.08,0.08,99.6,0,peptidebuilder
s3_esm2_f4,9,0,3.214,-4.9,-21.08,0.08,99.6,0,peptidebuilder
s3_orig_f12,0,1,0.0,,-24.33,0.08,100.0,0,peptidebuilder
s3_orig_f12,1,0,4.085,-7.3,-24.33,0.08,100.0,0,peptidebuilder
s3_orig_f12,2,0,7.788,-6.6,-24.33,0.08,100.0,0,peptidebuilder
s3_orig_f12,3,0,7.702,-6.5,-24.33,0.08,100.0,0,peptidebuilder
s3_orig_f12,4,0,4.039,-6.4,-24.33,0.08,100.0,0,peptidebuilder
s3_orig_f12,5,0,3.548,-6.4,-24.33,0.08,100.0,0,peptidebuilder
s3_orig_f12,6,0,8.252,-6.3,-24.33,0.08,100.0,0,peptidebuilder
s3_orig_f12,7,0,8.892,-6.3,-24.33,0.08,100.0,0,peptidebuilder
s3_orig_f12,8,0,3.487,-6.2,-24.33,0.08,100.0,0,peptidebuilder
s3_orig_f12,9,0,4.078,-6.1,-24.33,0.08,100.0,0,peptidebuilder
shuffle_control,0,1,0.0,,-15.13,0.13,75.9,5,peptidebuilder (null)
shuffle_control,1,0,8.376,-5.1,-15.13,0.13,75.9,5,peptidebuilder (null)
shuffle_control,2,0,8.75,-5.0,-15.13,0.13,75.9,5,peptidebuilder (null)
shuffle_control,3,0,8.758,-5.0,-15.13,0.13,75.9,5,peptidebuilder (null)
shuffle_control,4,0,8.713,-4.9,-15.13,0.13,75.9,5,peptidebuilder (null)
shuffle_control,5,0,9.2,-4.8,-15.13,0.13,75.9,5,peptidebuilder (null)
shuffle_control,6,0,8.601,-4.7,-15.13,0.13,75.9,5,peptidebuilder (null)
shuffle_control,7,0,8.58,-4.7,-15.13,0.13,75.9,5,peptidebuilder (null)
shuffle_control,8,0,6.98,-4.6,-15.13,0.13,75.9,5,peptidebuilder (null)
shuffle_control,9,0,6.374,-4.6,-15.13,0.13,75.9,5,peptidebuilder (null)
shuffle_control_esm0,0,1,0.0,,-14.32,0.1,80.2,5,peptidebuilder (null)
shuffle_control_esm0,1,0,7.015,-4.5,-14.32,0.1,80.2,5,peptidebuilder (null)
shuffle_control_esm0,2,0,6.812,-4.4,-14.32,0.1,80.2,5,peptidebuilder (null)
shuffle_control_esm0,3,0,7.584,-4.3,-14.32,0.1,80.2,5,peptidebuilder (null)
shuffle_control_esm0,4,0,8.789,-4.3,-14.32,0.1,80.2,5,peptidebuilder (null)
shuffle_control_esm0,5,0,7.75,-4.3,-14.32,0.1,80.2,5,peptidebuilder (null)
shuffle_control_esm0,6,0,8.822,-4.2,-14.32,0.1,80.2,5,peptidebuilder (null)
shuffle_control_esm0,7,0,8.578,-4.2,-14.32,0.1,80.2,5,peptidebuilder (null)
shuffle_control_esm0,8,0,7.335,-4.2,-14.32,0.1,80.2,5,peptidebuilder (null)
shuffle_control_esm0,9,0,3.897,-4.1,-14.32,0.1,80.2,5,peptidebuilder (null)
