leg,ns,contacts,separation_A,peptide_rg_A
runs/oxybenzone/md/ox2_shuffle_esm0/prod_20ns,2.0,21.1,7.28,12.12
runs/oxybenzone/md/ox2_shuffle_esm0/prod_20ns,4.0,15.5,9.56,11.93
runs/oxybenzone/md/ox2_shuffle_esm0/prod_20ns,6.0,28.3,6.45,12.05
runs/oxybenzone/md/ox2_shuffle_esm0/prod_20ns,8.0,34.3,6.14,12.42
runs/oxybenzone/md/ox2_shuffle_esm0/prod_20ns,10.0,28.3,6.92,13.42
runs/oxybenzone/md/ox2_shuffle_esm0/prod_20ns,12.0,25.2,6.41,13.1
runs/oxybenzone/md/ox2_shuffle_esm0/prod_20ns,14.0,26.8,6.74,12.83
runs/oxybenzone/md/ox2_shuffle_esm0/prod_20ns,16.0,24.2,7.06,12.73
runs/oxybenzone/md/ox2_shuffle_esm0/prod_20ns,18.0,24.3,7.14,12.13
runs/oxybenzone/md/ox2_shuffle_esm0/prod_20ns,20.0,23.4,5.96,12.67
