fragment,pose,ie_kcal_mol
arginine,0,-6.3178
arginine,1,1.8332
arginine,2,-24.2352
arginine,3,-29.1111
arginine,4,-15.8583
lysine,0,1.9182
lysine,1,1.8212
lysine,2,-3.8583
lysine,3,-3.2614
lysine,4,-23.8124
aspartic,0,-32.8800
aspartic,1,-2.9579
aspartic,2,-7.2419
aspartic,3,-11.3997
aspartic,4,-10.9291
aspartic,5,-30.7731
aspartic,6,3.0077
aspartic,7,-8.8634
aspartic,8,-9.2098
aspartic,9,-14.1001
aspartic,10,-9.0080
aspartic,11,-9.2443
aspartic,12,-7.2151
aspartic,13,-33.0734
glutamic,0,-33.0052
glutamic,1,-11.4832
glutamic,2,-10.6633
glutamic,3,1.6391
glutamic,4,-11.2874
glutamic,5,-6.2202
glutamic,6,-8.9398
glutamic,7,-12.1935
glutamic,8,-9.7603
glutamic,9,-29.6971
isoleucine,0,-2.6763
isoleucine,1,-2.5802
isoleucine,2,-2.8114
isoleucine,3,-2.6756
isoleucine,4,-1.0164
isoleucine,5,-2.2584
isoleucine,6,-2.7914
isoleucine,7,-1.3688
leucine,0,-2.8799
leucine,1,-3.0870
leucine,2,-1.6092
leucine,3,-1.1827
leucine,4,-0.6219
serine,0,-3.4290
serine,1,-2.2706
serine,2,-1.5394
serine,3,-2.2542
serine,4,-3.0958
serine,5,-0.1559
serine,6,-6.6166
serine,7,-2.6114
serine,8,-1.4962
serine,9,-6.9152
serine,10,-1.7529
serine,11,-1.1646
serine,12,-4.2218
serine,13,-2.3830
tryptophan,0,-1.4824
tryptophan,1,-4.9472
tryptophan,2,-5.3739
tryptophan,3,-5.8532
tryptophan,4,-2.3342
tryptophan,5,-2.1185
tyrosine,0,-4.7979
tyrosine,1,-2.1347
tyrosine,2,-2.9753
tyrosine,3,-7.3602
phenylalanine,0,-1.3765
phenylalanine,1,-1.6553
phenylalanine,2,-2.2173
phenylalanine,3,-1.6763
