sequence,start_residue,n_fragments,copies,total_ie_kcal_mol,poses
FIDSGRLKGGGDWE,phenylalanine,10,2,-99.2117,"phenylalanine:2,arginine:3,lysine:3,aspartic:13,glutamic:4,isoleucine:2,leucine:2,serine:0,tryptophan:0,aspartic:4"
KSWGEDSIFLD,lysine,10,2,-93.4723,"lysine:4,aspartic:13,glutamic:1,isoleucine:6,leucine:4,serine:13,tryptophan:4,phenylalanine:0,aspartic:9,serine:8"
RLSWGKGIGEYD,arginine,9,2,-89.3109,"arginine:3,lysine:2,aspartic:13,glutamic:4,isoleucine:6,leucine:2,serine:1,tryptophan:4,tyrosine:2"
YWEDIFDKLRGS,tyrosine,11,2,-80.7136,"tyrosine:3,phenylalanine:2,arginine:3,lysine:3,aspartic:4,glutamic:4,isoleucine:2,leucine:2,serine:0,tryptophan:0,aspartic:12"
DYFSDIGEGWSL,aspartic,10,2,-74.8932,"aspartic:13,glutamic:1,isoleucine:6,leucine:0,serine:13,tryptophan:4,tyrosine:2,phenylalanine:0,aspartic:9,serine:8"
EGYFIEGSWSDGL,glutamic,10,2,-67.4173,"glutamic:0,isoleucine:2,leucine:0,serine:12,tryptophan:4,tyrosine:2,phenylalanine:0,aspartic:8,glutamic:5,serine:13"
WEGRELYGSFGKD,tryptophan,10,2,-56.7287,"tryptophan:3,tyrosine:3,phenylalanine:3,arginine:0,lysine:3,aspartic:12,glutamic:4,leucine:4,serine:9,glutamic:5"
SFGKDGWSGYLER,serine,10,2,-53.9375,"serine:9,tryptophan:3,tyrosine:3,phenylalanine:3,arginine:0,lysine:3,aspartic:12,glutamic:4,leucine:4,serine:0"
LYERGWSSFGKD,leucine,10,2,-52.0177,"leucine:1,serine:9,tryptophan:3,tyrosine:2,phenylalanine:3,arginine:0,lysine:3,aspartic:12,glutamic:4,serine:0"
IDSSLGWGFGGLYE,isoleucine,10,2,-47.5951,"isoleucine:2,leucine:1,serine:9,tryptophan:4,tyrosine:2,phenylalanine:2,aspartic:4,glutamic:4,leucine:2,serine:0"
