structure,pose,is_reference,rmsd_to_reference_A,vina_score,dg,residence,releases,CNNscore,CNNaffinity,CNNvariance,minimizedAffinity,Affinity
bg33_1,0,1,0.0,,,,,0.7159097195,5.0010204315,,,
bg33_1,1,0,8.05,-3.2,,,,0.5125232935,4.2905440331,,-3.21875,
bg33_1,2,0,11.471,-3.1,,,,0.8944633603,5.3966193199,,-3.60675,
bg33_1,3,0,11.063,-3.1,,,,0.5872302651,4.7306861877,,-3.37457,
bg33_1,4,0,9.421,-3.1,,,,0.4509431422,4.5231137276,,-3.07511,
bg33_1,5,0,9.524,-3.1,,,,0.4362657666,4.3282828331,,-3.10090,
bg33_1,6,0,11.941,-3.1,,,,0.4040197134,4.5720200539,,-2.99651,
bg33_1,7,0,7.069,-3.0,,,,0.6830744743,4.6682019234,,-3.29355,
bg33_1,8,0,10.804,-3.0,,,,0.5819296837,4.5635604858,,-3.30535,
bg33_1,9,0,10.544,-3.0,,,,0.3283282518,4.1236720085,,-3.04700,
bg33_2,0,1,0.0,,,,,0.7950202227,4.9635653496,,,
bg33_2,1,0,8.939,-2.9,,,,0.2828838527,4.1969981194,,-2.92194,
bg33_2,2,0,8.388,-2.9,,,,0.2585877776,4.0935893059,,-2.86085,
bg33_2,3,0,4.445,-2.9,,,,0.4606008232,4.2609043121,,-3.14509,
bg33_2,4,0,7.201,-2.9,,,,0.8221774101,4.9781818390,,-3.26516,
bg33_2,5,0,10.168,-2.9,,,,0.5397773981,4.8850407600,,-2.98510,
bg33_2,6,0,7.829,-2.9,,,,0.5234591961,4.5728278160,,-3.09927,
bg33_2,7,0,7.035,-2.9,,,,0.2775331438,4.0898532867,,-2.90996,
bg33_2,8,0,8.735,-2.9,,,,0.5410138965,4.6841101646,,-3.18348,
bg33_2,9,0,8.53,-2.8,,,,0.3600159585,4.5024209023,,-2.84376,
