sequence,start_residue,n_fragments,copies,total_ie_kcal_mol
RYGLSGIKWDKSFEGDGGE,arginine,14,2,-122.3775
FEGDSIWDKGRYGLEGS,phenylalanine,13,2,-119.4236
KIDEFSIGDKGWGEGLGYGLS,lysine,15,2,-110.7407
DKSIFEDIKWGEGLGYGLS,aspartic,15,2,-110.7407
FEGKDWISGGRYGL,phenylalanine,10,1,-101.1468
cyclo-FGEGGKGDGWGIGSGGGRGYGGLGGG,phenylalanine,10,1,-101.1468
RYGLGEFSDWKI,arginine,10,1,-100.8655
RGYGGLGGEGFGSGDGWGKGI,arginine,10,1,-100.8655
RGGYGGGLGGGEGGFGGSGGDGGWGGKGGI,arginine,10,1,-100.8655
RGGGYGGGGLGGGGEGGGFGGGSGGGDGGGWGGGKGGGI,arginine,10,1,-100.8655
cyclo-RGYGGLGGEGFGSGDGWGKGIGG,arginine,10,1,-100.8655
IDELGKGWKISGSLGYEGGF,isoleucine,14,2,-85.3390
YELFISWDKGRGGSGEY,tyrosine,13,2,-80.6880
EFIISLDEGFGWGLGKGGGGYS,glutamic,14,2,-79.7887
KIGEFSDLGYGGGW,lysine,9,1,-79.2770
DLFEYGGIKWGS,aspartic,9,1,-79.2770
cyclo-KGIGGEGFGSGDGLGGYGGGGWG,lysine,9,1,-79.2770
cyclo-DGLGFGEGYGGGIGKGWGGSG,aspartic,9,1,-79.2770
IDELGSFKWGGGGY,isoleucine,9,1,-71.4384
cyclo-IGDGEGLGGSGFGKGWGGGGGYGG,isoleucine,9,1,-71.4384
LSFIKGYSWEEGKGGGL,leucine,12,2,-69.4050
YELFISWDKGR,tyrosine,10,1,-68.8702
cyclo-YGEGLGFGIGSGWGDGKGGRGG,tyrosine,10,1,-68.8702
WSDKGEGFGEYRLGGW,tryptophan,11,2,-68.8142
SLWYGKGDGFLGYSGEGGR,serine,12,2,-60.7881
EGKGLISDGWGFGGGY,glutamic,9,1,-56.6889
cyclo-EGGKGGLGIGSGDGGWGGFGGGGYGGGG,glutamic,9,1,-56.6889
LSFIGYWEGK,leucine,8,1,-56.2388
cyclo-LGSGFGIGGYGWGEGGKGG,leucine,8,1,-56.2388
WSDKGEGFGYRL,tryptophan,9,1,-56.1374
cyclo-WGSGDGKGGEGGFGGYGRGLGG,tryptophan,9,1,-56.1374
SLWYGKGDGFGRGGE,serine,9,1,-54.0230
cyclo-SGLGWGYGGKGGDGGFGGRGGGEGG,serine,9,1,-54.0230
