figure_name,file,structure,enclosed_fraction,wrapped_fraction,centroid_separation,engaged,mean_ligand_distance,contacts_under_cutoff,hints,interaction_kcal,strain_ligand_kcal
orig_control,orig_control.cif,RGGDGGKGGGGLGGGGKGIGEGWGGDGSGGEGS_control,0.495,0.75,20.9,15/20,3.89,27,0/0,-15.826,9.142
orig_f4,orig_f4.cif,orig_f4,0.595,0.85,7.1,17/20,3.85,23,3/4,-26.324,10.316
orig_f8,orig_f8.cif,orig_f8,0.515,0.65,8.4,13/20,4.34,20,1/8,-22.302,36.442
orig_f12,orig_f12.cif,orig_f12,0.96,1.0,4.2,20/20,3.49,47,0/12,-45.863,8.949
esm1_control,esm1_control.cif,RGGDGGKGGGGLGGGGKGIGEGWGGDGSGGEGS_esm1,0.455,0.6,8.4,12/20,4.42,13,0/0,-12.224,4.801
esm1_f4,esm1_f4.cif,esm1_f4,0.605,0.65,6.6,13/20,4.23,23,0/4,-20.891,20.663
esm1_f8,esm1_f8.cif,esm1_f8,0.75,0.9,4.1,18/20,3.88,29,1/8,-29.099,27.779
esm1_f12,esm1_f12.cif,esm1_f12,0.76,0.8,3.4,16/20,4.05,26,1/12,-17.112,7.129
esm2_control,esm2_control.cif,RGGDGGKGGGGLGGGGKGIGEGWGGDGSGGEGS_esm2,0.53,0.4,7.7,8/20,5.1,5,0/0,-20.271,10.892
esm2_f4,esm2_f4.cif,esm2_f4,0.46,0.5,11.0,10/20,4.75,8,0/4,-39.903,15.699
esm2_f8,esm2_f8.cif,esm2_f8,0.625,0.75,10.4,15/20,4.29,14,0/8,-29.657,8.845
esm2_f12,esm2_f12.cif,esm2_f12,0.905,1.0,7.1,20/20,3.63,32,0/12,-21.135,6.918
