peptide,kind,helix_esm,helix_cofold,beta_esm,beta_cofold,nlocal_esm,nnonlocal_esm,rg_esm,rg_cofold,ca_rmsd,mean_plddt
orig_f12,designed,0.0,0.065,0.0,0.419,0,0,27.93,7.46,27.33,88.5
s2_esm2_control,esm2-variant,1.0,1.0,0.0,0.0,46,0,14.48,14.5,0.37,89.4
s3_esm2_f4,esm2-variant,1.0,0.906,0.0,0.0,47,0,14.88,9.53,11.66,85.6
s3_orig_f12,designed,0.0,0.188,0.094,0.156,0,0,28.65,7.61,25.43,73.1
shuffle_control,null,0.0,0.094,0.0,0.281,0,0,28.17,7.23,26.17,70.3
shuffle_control_esm0,null-esm,0.531,1.0,0.0,0.0,26,0,15.0,14.83,5.8,63.7
bg33_1,boltzgen,0.968,1.0,0.0,0.0,35,0,11.82,14.4,7.12,51.2
bg33_2,boltzgen,0.903,0.968,0.0,0.0,37,0,9.97,14.41,10.25,47.5
bg33_3,boltzgen,0.323,0.323,0.516,0.516,18,8,8.07,8.09,0.31,90.2
bg33_4,boltzgen,0.871,0.903,0.065,0.065,36,0,9.28,9.47,0.46,94.4
