peptide,kind,helix_esm,helix_cofold,beta_esm,beta_cofold,nlocal_esm,nnonlocal_esm,rg_esm,rg_cofold,ca_rmsd,mean_plddt,enclosedref,wrappedref,engagedref,lig_heavyref,cent_sepref
orig_f12,designed,0.129,0.065,0.097,0.419,0,0,8.4,7.46,8.11,47.3,0.96,1.0,20,20,4.2
s2_esm2_control,esm2-variant,0.968,1.0,0.032,0.0,44,0,14.58,14.5,1.47,95.9,0.51,0.85,17,20,6.7
s3_esm2_f4,esm2-variant,1.0,0.906,0.0,0.0,58,0,15.13,9.53,12.23,95.1,0.795,0.9,18,20,7.0
s3_orig_f12,designed,0.125,0.188,0.062,0.156,4,1,7.38,7.61,6.11,48.5,0.965,1.0,20,20,3.6
shuffle_control,null,0.062,0.094,0.438,0.281,0,8,6.88,7.23,8.04,52.0,0.745,0.75,15,20,7.9
shuffle_control_esm0,null-esm,1.0,1.0,0.0,0.0,59,0,15.04,14.83,0.38,87.6,0.535,0.85,17,20,11.0
bg33_1,boltzgen,0.968,1.0,0.0,0.0,41,0,14.46,14.4,0.71,97.4,0.38,0.75,15,20,17.4
bg33_2,boltzgen,1.0,0.968,0.0,0.0,35,0,14.21,14.41,0.64,97.4,0.585,0.75,15,20,5.2
bg33_3,boltzgen,0.355,0.323,0.516,0.516,22,7,8.06,8.09,0.5,96.7,0.48,1.0,20,20,8.6
bg33_4,boltzgen,0.839,0.903,0.065,0.065,37,0,9.21,9.47,1.04,92.5,0.595,0.95,19,20,6.3
