peptide,kind,helix_esm,helix_cofold,beta_esm,beta_cofold,nlocal_esm,nnonlocal_esm,rg_esm,rg_cofold,ca_rmsd,mean_plddt,enclosed,wrapped,engaged,lig_heavy,cent_sep,enclosedref,wrappedref,engagedref,lig_heavyref,cent_sepref
orig_f12,designed,0.065,0.065,0.484,0.419,0,13,7.74,7.46,8.61,73.1,0.8,0.9,18,20,5.8,0.96,1.0,20,20,4.2
s2_esm2_control,esm2-variant,0.29,1.0,0.516,0.0,14,8,9.73,14.5,11.66,76.2,0.42,0.7,14,20,13.5,0.51,0.85,17,20,6.7
s3_esm2_f4,esm2-variant,0.906,0.906,0.0,0.0,35,0,9.98,9.53,3.64,84.4,0.46,0.75,15,20,9.3,0.795,0.9,18,20,7.0
s3_orig_f12,designed,0.219,0.188,0.188,0.156,4,4,6.88,7.61,6.82,74.0,0.72,0.95,19,20,8.5,0.965,1.0,20,20,3.6
shuffle_control,null,0.031,0.094,0.625,0.281,3,8,8.41,7.23,6.21,73.6,0.83,0.9,18,20,6.3,0.745,0.75,15,20,7.9
shuffle_control_esm0,null-esm,0.719,1.0,0.188,0.0,25,0,10.62,14.83,12.49,76.8,0.52,0.65,13,20,8.5,0.535,0.85,17,20,11.0
bg33_1,boltzgen,1.0,1.0,0.0,0.0,41,0,14.63,14.4,0.5,83.3,0.3,0.35,7,20,8.1,0.38,0.75,15,20,17.4
bg33_2,boltzgen,1.0,0.968,0.0,0.0,35,0,14.4,14.41,0.4,84.2,0.345,0.2,4,20,9.5,0.585,0.75,15,20,5.2
bg33_3,boltzgen,0.323,0.323,0.484,0.516,21,8,7.99,8.09,0.47,88.0,0.49,0.95,19,20,11.0,0.48,1.0,20,20,8.6
bg33_4,boltzgen,0.871,0.903,0.065,0.065,34,0,9.2,9.47,0.79,86.9,0.54,0.85,17,20,7.3,0.595,0.95,19,20,6.3
