residue,rmsf_nm
TYR1,0.1310603
THR2,0.10348657
ASP3,0.14185621
GLY4,0.21299174
GLY5,0.19765815
ARG6,0.12109822
SER7,0.09404569
PHE8,0.09153039
ALA9,0.11417667
VAL10,0.1202977
LYS11,0.118468106
ALA12,0.10548312
ALA13,0.074806295
VAL14,0.06653379
ASP15,0.07603174
GLU16,0.06549872
ALA17,0.060543355
ILE18,0.07507012
ALA19,0.107619904
ALA20,0.116969965
GLY21,0.11416689
LEU22,0.10763891
VAL23,0.09094617
THR24,0.11737003
SER25,0.124243684
LEU26,0.11912364
ASP27,0.16181953
ASP28,0.110494114
PHE29,0.11106755
ASP30,0.17479047
TRP31,0.17922197
