structure,pose,vina_score,rmsd_to_boltz,ligand_centroid_shift,wrapped_fraction,enclosed_fraction,engaged,centroid_separation,mean_ligand_distance
bg33_3,0,,0.0,0.0,1.0,0.48,20,8.6,3.76
bg33_3,1,-4.2,5.935,4.459,0.9,0.55,18,8.0,3.87
bg33_3,2,-4.1,9.249,4.975,1.0,0.55,20,8.2,3.7
bg33_3,3,-4.0,7.86,2.177,0.9,0.52,18,8.1,3.84
bg33_3,4,-4.0,8.987,4.751,0.95,0.55,19,8.1,3.76
bg33_3,5,-3.9,9.432,5.433,1.0,0.55,20,8.3,3.67
bg33_3,6,-3.8,8.777,2.363,0.95,0.53,19,8.1,3.75
bg33_3,7,-3.8,7.44,5.071,0.9,0.59,18,8.6,3.81
bg33_3,8,-3.8,9.74,5.903,0.9,0.545,18,8.7,3.82
bg33_3,9,-3.7,4.467,2.112,0.95,0.52,19,8.0,3.85
bg33_4,0,,0.0,0.0,0.95,0.59,19,6.3,3.99
bg33_4,1,-4.7,4.067,2.27,0.9,0.705,18,6.3,3.77
bg33_4,2,-4.5,7.425,6.393,0.9,0.565,18,5.9,3.85
bg33_4,3,-4.4,8.756,3.758,1.0,0.61,20,4.9,3.73
bg33_4,4,-4.4,9.275,4.961,0.95,0.6,19,5.2,3.79
bg33_4,5,-4.4,9.638,7.827,0.95,0.565,19,6.8,3.77
bg33_4,6,-4.4,1.301,0.522,0.95,0.635,19,6.2,3.79
bg33_4,7,-4.4,9.297,4.343,0.9,0.69,18,5.0,3.84
bg33_4,8,-4.3,8.411,3.821,1.0,0.665,20,5.1,3.73
bg33_4,9,-4.3,9.378,7.922,1.0,0.56,20,6.8,3.8
orig_f12,0,,0.0,0.0,1.0,0.96,20,4.2,3.49
orig_f12,1,-6.0,5.962,5.071,1.0,0.975,20,3.5,3.46
orig_f12,2,-6.0,9.798,6.246,1.0,0.955,20,4.5,3.47
orig_f12,3,-5.9,10.1,6.639,1.0,0.965,20,4.8,3.55
orig_f12,4,-5.9,10.256,6.827,1.0,0.98,20,5.1,3.56
orig_f12,5,-5.9,7.633,1.744,0.9,0.975,18,5.0,3.77
orig_f12,6,-5.8,5.519,4.921,1.0,0.975,20,3.6,3.57
orig_f12,7,-5.7,11.055,8.156,0.95,0.92,19,6.2,3.63
orig_f12,8,-5.7,6.9,6.188,1.0,0.97,20,4.2,3.51
orig_f12,9,-5.6,9.905,7.096,1.0,0.93,20,5.7,3.6
s2_esm2_control,0,,0.0,0.0,0.85,0.51,17,6.7,4.07
s2_esm2_control,1,-5.0,9.888,6.379,1.0,0.745,20,8.0,3.72
s2_esm2_control,2,-5.0,7.725,6.318,0.85,0.705,17,8.1,3.87
s2_esm2_control,3,-4.9,7.824,6.743,1.0,0.695,20,8.6,3.75
s2_esm2_control,4,-4.9,9.116,3.668,1.0,0.64,20,5.4,3.7
s2_esm2_control,5,-4.9,8.761,4.14,0.9,0.605,18,5.7,3.81
s2_esm2_control,6,-4.6,5.132,3.573,0.85,0.755,17,5.0,3.89
s2_esm2_control,7,-4.6,8.789,3.729,0.95,0.745,19,5.4,3.82
s2_esm2_control,8,-4.5,8.9,4.093,0.85,0.715,17,5.6,3.88
s2_esm2_control,9,-4.5,8.506,2.749,0.85,0.665,17,5.6,3.85
s3_esm2_f4,0,,0.0,0.0,0.9,0.795,18,7.0,3.8
s3_esm2_f4,1,-6.0,7.409,2.481,0.95,0.905,19,8.4,3.61
s3_esm2_f4,2,-5.7,8.531,3.564,1.0,0.895,20,8.9,3.62
s3_esm2_f4,3,-5.7,8.292,2.883,1.0,0.915,20,8.4,3.58
s3_esm2_f4,4,-5.5,8.781,3.074,1.0,0.9,20,8.3,3.64
s3_esm2_f4,5,-5.5,3.643,2.731,1.0,0.91,20,8.7,3.61
s3_esm2_f4,6,-5.1,3.555,2.198,0.95,0.94,19,8.0,3.74
s3_esm2_f4,7,-5.1,3.307,2.179,0.95,0.95,19,8.3,3.73
s3_esm2_f4,8,-5.0,8.688,4.064,0.95,0.985,19,6.1,3.55
s3_esm2_f4,9,-4.9,3.214,2.315,1.0,0.905,20,8.1,3.69
s3_orig_f12,0,,0.0,0.0,1.0,0.965,20,3.6,3.39
s3_orig_f12,1,-7.3,4.085,2.572,1.0,0.92,20,5.4,3.55
s3_orig_f12,2,-6.6,7.788,1.653,1.0,0.945,20,4.9,3.47
s3_orig_f12,3,-6.5,7.702,3.909,0.95,0.865,19,7.0,3.65
s3_orig_f12,4,-6.4,4.039,3.061,1.0,0.91,20,6.0,3.69
s3_orig_f12,5,-6.4,3.548,2.351,1.0,0.935,20,5.0,3.61
s3_orig_f12,6,-6.3,8.252,4.113,0.9,0.87,18,6.2,3.73
s3_orig_f12,7,-6.3,8.892,4.972,0.85,0.83,17,6.9,3.93
s3_orig_f12,8,-6.2,3.487,2.825,1.0,0.905,20,5.8,3.62
s3_orig_f12,9,-6.1,4.078,3.039,1.0,0.915,20,5.3,3.66
shuffle_control,0,,0.0,0.0,0.75,0.745,15,7.9,4.02
shuffle_control,1,-5.1,8.376,4.01,0.9,0.755,18,6.5,3.84
shuffle_control,2,-5.0,8.75,4.019,1.0,0.82,20,6.0,3.7
shuffle_control,3,-5.0,8.758,3.992,0.9,0.775,18,6.2,3.84
shuffle_control,4,-4.9,8.713,4.055,0.95,0.77,19,6.3,3.8
shuffle_control,5,-4.8,9.2,4.523,0.9,0.84,18,6.0,3.8
shuffle_control,6,-4.7,8.601,4.998,0.9,0.88,18,6.1,3.8
shuffle_control,7,-4.7,8.58,7.011,0.95,0.88,19,6.3,3.76
shuffle_control,8,-4.6,6.98,5.471,0.95,0.735,19,6.0,3.71
shuffle_control,9,-4.6,6.374,4.884,1.0,0.885,20,5.9,3.63
shuffle_control_esm0,0,,0.0,0.0,0.85,0.535,17,11.0,4.14
shuffle_control_esm0,1,-4.5,7.015,4.619,1.0,0.55,20,12.2,3.83
shuffle_control_esm0,2,-4.4,6.812,4.789,0.85,0.515,17,13.2,3.88
shuffle_control_esm0,3,-4.3,7.584,4.418,0.95,0.545,19,13.2,3.8
shuffle_control_esm0,4,-4.3,8.789,6.043,1.0,0.795,20,9.4,3.75
shuffle_control_esm0,5,-4.3,7.75,5.337,0.95,0.53,19,13.1,3.87
shuffle_control_esm0,6,-4.2,8.822,5.829,0.9,0.555,18,14.6,3.86
shuffle_control_esm0,7,-4.2,8.578,5.388,1.0,0.555,20,14.2,3.7
shuffle_control_esm0,8,-4.2,7.335,4.606,0.9,0.54,18,12.9,3.81
shuffle_control_esm0,9,-4.1,3.897,1.961,0.9,0.735,18,9.3,3.79
